coin,amount
ADA,300000
APTOS,1.5
BTC,108000.00136131
ETH,64.356881257500858402
USDT-TON,170.479995

coin,Type,Network,Snapshot Height,address,amount,message,signature1,signature2,redeem script/ public key,EOA1,EOA2
ETH,Non Staking,ETH,20914735,0x0cdcdb19a857c2ac24818ca4fdfe38cce071483e,0.058959708849230328,I am an OKX address,0x07f19879aa28d51c97cddfdfecffe7ed96525545d041aee4f4386b0bf4c1a26924b637fb02ccbb97305c13daa51a0f50b8896fb25ecbaf60020cde920d227a221b,,,,
ETH,Native ETH Staking,ETH,20914735,0xabababababababababababababababababababababababababababababababababababababababababababababababab,32,I am an OKX address,0x07f19879aa28d51c97cddfdfecffe7ed96525545d041aee4f4386b0bf4c1a26924b637fb02ccbb97305c13daa51a0f50b8896fb25ecbaf60020cde920d227a221b,,,0x0cdcdb19a857c2ac24818ca4fdfe38cce071483e,
ETH,Eigenlayer Staking,ETH,20914735,0xcdcdcdcdcdcdcdcdcdcdcdcdcdcdcdcdcdcdcdcdcdcdcdcdcdcdcdcdcdcdcdcdcdcdcdcdcdcdcdcdcdcdcdcdcdcdcdcd,32,I am an OKX address,0x07f19879aa28d51c97cddfdfecffe7ed96525545d041aee4f4386b0bf4c1a26924b637fb02ccbb97305c13daa51a0f50b8896fb25ecbaf60020cde920d227a221b,0xf6e60fd5d2692eaf813cbb38369c160781a063e39dbadde9a88998a4c8019e08488f83a6e7ee5e5b3fbdd50f25db631150070e8bb470d1474eb0e6d9a1fd0c561c,,0x0cdcdb19a857c2ac24818ca4fdfe38cce071483e,0x16f01cfc16b0b8c3400fb8e5099b0974fcc9fc12
BTC,Non Staking,BTC,100,bc1pk0wjw0ygsz9zrz6d8su3hd4874wcnu66azmrw09c8nxmu3jyfk2sdfxdnj,100000,I am an OKX address,AUCxq+Eh2KkyIcH1fC3wHyUxKIx+mhFin6OfsvVma2xpv3LaYJgVBH+XGOOcj6mwzQAysQwW1M2bfCn3FQgCtfU5,,,,
BTC,Non Staking,BTC,956934,13jTtHxBPFwZkaCdm6BwJMMJkqvTpBZccw,3000.00009302,I am an OKX address,IPUTSOQjXrOLy7WXyalVeuIpTlvQENsSjdjNETlvTNo+MB6LDF22NpGR9ragpCV8GnyyxXibUTgtrFjqR4A4acU=,H5PEB4/dXOxDDpzwbk0k3xjkxAeEPtnoFlzkDMiNPyApXbdkQWbzHiH/k5qn2JOuSfBGEo1s+b72iZayd/VzPe0=,,,
BTC,Non Staking,BTC,956934,1LnoZawVFFQihU8d8ntxLMpYheZUfyeVAK,5000.00126829,I am an OKX address,IBUhkyQBj9/LQuaGjZJ08ZTkQuJmWAmZYDUVCgsOth2KXUmzrPgFmfbSqK/WPblvm6TR+fkITjyPJccvoO8iuzE=,H5PEB4/dXOxDDpzwbk0k3xjkxAeEPtnoFlzkDMiNPyApXbdkQWbzHiH/k5qn2JOuSfBGEo1s+b72iZayd/VzPe0=,,,
ETH,Non Staking,ETH,20914735,0x16f01cfc16b0b8c3400fb8e5099b0974fcc9fc12,0.148960774325814037,I am an OKX address,0xf6e60fd5d2692eaf813cbb38369c160781a063e39dbadde9a88998a4c8019e08488f83a6e7ee5e5b3fbdd50f25db631150070e8bb470d1474eb0e6d9a1fd0c561c,,,,
ETH,Non Staking,ETH,20914735,0x57e2dcd253527a0f70c6a3de3556f6e6e163f19c,0.148960774325814037,I am an OKX address,0x07f19879aa28d51c97cddfdfecffe7ed96525545d041aee4f4386b0bf4c1a26924b637fb02ccbb97305c13daa51a0f50b8896fb25ecbaf60020cde920d227a221b,0xf6e60fd5d2692eaf813cbb38369c160781a063e39dbadde9a88998a4c8019e08488f83a6e7ee5e5b3fbdd50f25db631150070e8bb470d1474eb0e6d9a1fd0c561c,,0x0cdcdb19a857c2ac24818ca4fdfe38cce071483e,0x16f01cfc16b0b8c3400fb8e5099b0974fcc9fc12
USDT-TON,Non Staking,TON,43716515,UQB1CKrUWm7qf41Z1GeEE6AgVVj5cH6y6x1aRmWe6q4mj1fn,170.479995,I am an OKX address,0x6c5b3b11b8d4a7b356cb4e4e4a960e476d05b52824a62ef961054617b401f157ef6c01c537f3751c22ba018f97b067d508b455f6cbdf757a64ca2571e76dc004,,6711ba8eaa47855b01d73e3849cd93861b1c11d7a86ae5fb8f96bb63d9be5a6b,,
APTOS,Non Staking,APTOS,100,0xdeadbeefdeadbeefdeadbeefdeadbeefdeadbeefdeadbeefdeadbeefdeadbeef,1.5,I am an OKX address,0xab8864be5630560bdd97ba9db7a1f30730779d294f5ecf66ca56039807ef1d0cc83a7653bb7359c8f7cd4f0f1df45164d3c3916b534bc3bf68bb3e8f8168bc04,,0x75067a6dbd4dced2f1ab3a58a2b2103daa0def4d436315f98134957399809aac,0x5bb5d85934c7587a22960ef72e9d8cd5313a60447e57a2183b1aae285d90352e,
ADA,Staking,ADA,100,addr1q88fuc9m5gavm98ke06hk5euyyjtacg92ztczscpeg2p9yws55k96g9qx3ln80qvnc4lwq47gdfp6aez3rkr7xe7m8pqydvh2w,100000,DTT_OKC_AA26,0x1b4ec5d2bb0c50d5075958add50f77f13bf94c580cbfabdf5f831ee88c82dd68cf81cb084991a3656db2847154a59de1ee837d93da22e9692c8042a8bbafde0a,,0xc666701bb25bbd2deb18a146d92c62869a404c8cf050faf8814757ce357833ea,,
ADA,Staking,ADA,100,addr1qyrpxc74j4u5sxgclezx3263q6rw2ffut5n77n4jzx3kg8wjayugn48flvluz5q329hdgvnkwff9x5turx3hj63p6a3q6d4dk6,100000,DTT_OKC_AA26,0x854e741fb5618ecd02ebd768a20f4fbbdad47bb1ce089503aa4bbc85b0a006b4c268508846b135b230607e41c9f1752d48967a7b91679b42d0da164f3d34e201,,0x9acf47e5ca33acf2350b23a1a8dfb70b9ea384e2b70689e6e44e84906f43bd1b,,
ADA,Staking,ADA,100,addr1q8fud30vje9vcp54gue73kf4t22r5asp7zu0yv89zwzesgvd2fnfcp2nu3l493c3cvsy3dml0y90mxgxk93tsf66pczqkhnvdz,100000,DTT_OKC_AA26,0x40fc3b32972191b4535cbc2dbf3d27277f24436d5aefba326be1d2e746f3dd2e7b9ee5dea426bbbfca60439b34340b5c22f7a03ab022e26efc5f1b2e531e6c01,,0x748d9b5bec2dc1315964f455ecd4b21907f5d4ef8dd51c53f9d9a5a3c48b4080,,
